customer_id,age,tenure_months,monthly_charges,support_calls,contract,internet_service,churn
1,54,5,75.76,9,Month-to-month,DSL,1
2,49,36,104.95,2,Month-to-month,No,1
3,22,32,143.81,5,Month-to-month,Fiber optic,0
4,56,46,69.61,4,Two year,Fiber optic,0
5,61,39,106.04,2,One year,DSL,0
6,57,49,25.75,0,Month-to-month,DSL,1
7,37,69,67.6,3,One year,No,0
8,45,61,28.45,9,One year,No,0
9,32,53,50.99,0,One year,Fiber optic,0
10,60,10,89.35,1,Month-to-month,Fiber optic,1
11,41,20,34.68,1,One year,DSL,0
12,30,45,76.32,6,One year,DSL,0
13,27,67,43.2,1,One year,Fiber optic,0
14,60,23,121.08,7,One year,Fiber optic,0
15,18,70,112.63,5,One year,DSL,0
16,46,52,95.77,6,One year,No,0
17,65,68,149.0,4,Two year,Fiber optic,0
18,22,22,83.62,7,One year,DSL,0
19,55,45,90.03,7,Two year,DSL,0
20,24,54,127.78,0,One year,No,0
21,40,12,39.76,9,One year,Fiber optic,1
22,73,56,120.7,7,One year,No,0
23,68,59,75.03,10,Two year,No,0
24,33,42,100.48,10,Month-to-month,No,0
25,54,62,23.24,1,One year,Fiber optic,0
26,33,38,135.53,0,Two year,No,0
27,24,37,41.14,7,Month-to-month,Fiber optic,1
28,68,25,148.16,2,Month-to-month,No,1
29,31,13,108.97,4,One year,No,0
30,70,67,113.92,7,Two year,No,0
31,35,47,35.07,10,Month-to-month,DSL,1
32,44,49,133.27,10,Month-to-month,DSL,0
33,69,12,127.11,5,One year,Fiber optic,0
34,66,25,101.75,4,One year,No,0
35,49,65,138.04,6,One year,No,0
36,64,36,82.74,7,One year,No,0
37,62,70,113.58,6,Month-to-month,No,0
38,64,9,97.42,4,Month-to-month,No,1
39,38,10,116.26,9,One year,Fiber optic,0
40,33,22,60.0,8,Month-to-month,DSL,1
41,22,54,44.92,9,One year,No,1
42,30,44,130.24,9,Month-to-month,No,0
43,54,42,133.13,10,Two year,No,1
44,54,47,131.77,6,One year,No,0
45,67,21,35.26,5,Month-to-month,DSL,0
46,52,66,124.71,1,One year,Fiber optic,0
47,40,8,38.92,7,Two year,Fiber optic,0
48,64,57,148.18,2,One year,Fiber optic,0
49,39,72,86.67,6,Month-to-month,DSL,0
50,27,6,141.19,2,Two year,No,0
51,45,47,92.69,0,Two year,DSL,0
52,32,7,95.4,1,Two year,No,0
53,29,39,143.16,0,One year,No,0
54,22,45,118.74,7,Month-to-month,DSL,1
55,66,60,142.34,5,Month-to-month,DSL,0
56,29,54,39.91,10,Two year,Fiber optic,0
57,43,16,50.56,6,Two year,No,0
58,36,69,104.44,1,One year,No,0
59,56,32,89.23,0,Two year,DSL,0
60,42,30,32.6,10,One year,DSL,0
61,43,28,57.35,1,Month-to-month,No,0
62,51,4,29.73,0,Month-to-month,No,0
63,39,23,114.51,5,One year,No,0
64,68,22,22.45,2,One year,DSL,0
65,33,50,99.91,9,Two year,Fiber optic,0
66,66,4,36.3,1,Month-to-month,DSL,0
67,67,23,36.2,6,Month-to-month,DSL,0
68,65,24,101.14,0,Two year,DSL,1
69,42,59,79.19,2,Month-to-month,Fiber optic,0
70,49,47,106.58,2,One year,Fiber optic,0
71,47,2,39.97,1,Two year,Fiber optic,0
72,24,69,35.65,9,One year,DSL,0
73,58,67,75.59,8,Month-to-month,No,1
74,21,8,104.02,8,Month-to-month,DSL,1
75,73,54,39.62,0,One year,No,0
76,25,62,58.94,7,Month-to-month,No,1
77,43,20,78.68,2,One year,No,0
78,27,6,83.67,6,Month-to-month,Fiber optic,1
79,31,64,87.58,10,Two year,No,0
80,75,41,116.02,5,Month-to-month,DSL,1
81,61,43,146.03,8,Month-to-month,Fiber optic,1
82,68,11,138.78,0,Month-to-month,DSL,0
83,41,56,48.79,7,Two year,No,0
84,23,14,28.82,5,One year,Fiber optic,0
85,65,17,119.28,6,Two year,No,0
86,61,31,113.52,6,Month-to-month,No,1
87,61,50,122.47,3,Month-to-month,No,0
88,27,69,36.93,10,One year,Fiber optic,0
89,31,2,79.04,10,Month-to-month,Fiber optic,1
90,31,32,63.42,9,One year,DSL,1
91,44,46,64.42,5,Two year,Fiber optic,0
92,67,7,72.85,4,One year,DSL,0
93,25,54,75.85,1,Month-to-month,Fiber optic,1
94,68,10,126.57,8,Month-to-month,DSL,1
95,64,71,53.79,7,Month-to-month,Fiber optic,0
96,66,53,130.62,3,One year,DSL,0
97,47,64,110.43,4,Two year,No,0
98,28,30,81.4,9,One year,Fiber optic,0
99,65,71,138.16,9,Month-to-month,No,0
100,58,60,59.45,3,Month-to-month,Fiber optic,0
101,51,4,90.41,0,Month-to-month,DSL,1
102,66,40,41.41,3,Month-to-month,DSL,0
103,20,65,51.91,0,Month-to-month,No,0
104,67,46,22.88,10,Two year,Fiber optic,0
105,27,33,25.44,10,Two year,No,0
106,25,66,112.77,7,One year,Fiber optic,0
107,45,43,97.66,4,One year,DSL,0
108,60,47,83.17,6,One year,Fiber optic,1
109,55,25,91.39,5,One year,DSL,1
110,64,55,114.18,0,Two year,DSL,0
111,48,47,71.18,6,Month-to-month,DSL,0
112,54,10,83.88,0,Two year,Fiber optic,0
113,67,12,51.84,10,Month-to-month,DSL,1
114,75,72,44.8,6,Two year,DSL,0
115,30,30,114.06,5,One year,No,0
116,69,26,124.28,10,Two year,DSL,0
117,51,24,44.6,6,Two year,No,0
118,56,65,139.38,9,One year,Fiber optic,0
119,74,23,124.01,7,Month-to-month,Fiber optic,1
120,50,14,74.83,8,Two year,DSL,0
121,24,9,55.15,4,Two year,No,0
122,36,69,67.86,2,One year,No,0
123,72,17,111.12,0,One year,No,0
124,43,3,41.25,2,One year,DSL,0
125,22,22,30.17,10,Two year,Fiber optic,0
126,58,8,77.43,8,Month-to-month,No,0
127,20,57,135.63,8,One year,No,0
128,65,47,57.97,2,One year,No,0
129,22,34,111.68,4,Two year,Fiber optic,0
130,53,14,142.48,10,One year,Fiber optic,0
131,43,22,55.69,2,Two year,No,0
132,18,57,118.69,5,One year,Fiber optic,0
133,75,25,108.58,10,Month-to-month,DSL,1
134,55,22,93.56,8,Month-to-month,DSL,1
135,40,60,118.66,4,One year,DSL,0
136,69,46,130.19,10,Month-to-month,No,1
137,46,70,108.48,9,Two year,Fiber optic,0
138,36,7,129.93,6,Two year,No,0
139,56,8,68.61,7,One year,Fiber optic,0
140,52,63,140.88,5,One year,No,0
141,48,24,126.29,3,One year,Fiber optic,0
142,35,14,64.22,1,Month-to-month,Fiber optic,1
143,29,70,108.61,2,Month-to-month,No,0
144,58,21,64.54,3,Two year,No,0
145,28,41,21.24,7,Month-to-month,Fiber optic,1
146,67,62,93.64,0,Two year,Fiber optic,0
147,51,14,39.58,10,Two year,Fiber optic,0
148,37,7,70.77,2,Month-to-month,Fiber optic,1
149,72,2,82.36,6,Two year,No,0
150,58,3,23.96,9,Month-to-month,No,0
151,43,25,96.91,9,Two year,Fiber optic,0
152,39,70,49.15,9,Two year,DSL,0
153,71,2,124.06,0,Month-to-month,DSL,1
154,65,10,83.61,0,One year,Fiber optic,0
155,58,28,43.01,9,Month-to-month,No,0
156,19,38,40.12,8,Two year,Fiber optic,0
157,70,17,81.4,4,Two year,DSL,0
158,63,61,58.01,0,One year,Fiber optic,0
159,22,11,65.85,6,Month-to-month,DSL,0
160,61,72,147.98,10,Month-to-month,DSL,1
161,32,54,135.23,1,One year,DSL,0
162,41,43,140.51,9,Two year,No,0
163,42,33,139.54,0,Two year,No,1
164,32,72,29.1,8,Two year,Fiber optic,0
165,60,70,24.58,5,Two year,No,0
166,38,22,40.55,7,Month-to-month,No,1
167,38,7,102.85,0,Two year,Fiber optic,1
168,65,47,26.91,9,Month-to-month,Fiber optic,1
169,52,3,99.04,8,Two year,Fiber optic,0
170,63,70,102.65,6,Two year,Fiber optic,0
171,64,1,139.06,10,Month-to-month,Fiber optic,0
172,30,46,144.52,10,Two year,Fiber optic,0
173,24,58,38.57,6,Two year,Fiber optic,0
174,37,32,96.3,6,Month-to-month,DSL,1
175,67,27,40.58,1,One year,Fiber optic,0
176,29,8,144.25,1,Month-to-month,Fiber optic,1
177,22,72,107.21,7,One year,DSL,0
178,52,14,130.44,3,Two year,No,0
179,22,49,104.0,1,One year,No,0
180,63,30,51.29,2,One year,No,0
181,66,38,46.16,0,One year,DSL,0
182,34,19,117.9,2,Two year,No,0
183,69,37,106.37,9,Two year,No,0
184,43,27,83.96,1,One year,DSL,0
185,52,13,38.77,3,One year,DSL,0
186,69,8,110.38,6,Two year,No,0
187,67,13,138.8,6,One year,DSL,0
188,75,55,60.78,7,Two year,No,0
189,19,28,140.69,10,Two year,DSL,1
190,57,19,142.31,4,One year,Fiber optic,0
191,40,7,107.92,8,Month-to-month,No,1
192,34,63,75.07,6,Two year,Fiber optic,0
193,44,42,147.44,8,Month-to-month,Fiber optic,1
194,20,3,118.24,7,One year,DSL,0
195,20,58,118.07,0,One year,No,0
196,33,14,90.47,10,Month-to-month,No,1
197,41,21,112.66,0,Two year,Fiber optic,0
198,63,60,103.45,10,Month-to-month,Fiber optic,1
199,29,22,37.46,3,Month-to-month,Fiber optic,1
200,69,13,29.57,0,Month-to-month,Fiber optic,0
201,22,27,117.48,1,Month-to-month,DSL,0
202,54,48,41.42,4,One year,DSL,0
203,31,56,46.03,7,One year,No,0
204,37,58,119.68,5,Month-to-month,Fiber optic,1
205,24,53,73.4,6,Month-to-month,Fiber optic,1
206,67,45,38.32,1,Month-to-month,Fiber optic,0
207,29,31,140.24,0,One year,Fiber optic,0
208,43,67,28.34,4,Two year,No,0
209,70,51,52.36,0,Two year,Fiber optic,0
210,72,39,51.47,3,Month-to-month,DSL,1
211,34,34,81.1,5,Month-to-month,No,0
212,53,52,109.37,1,One year,Fiber optic,0
213,66,54,96.86,0,Two year,Fiber optic,0
214,50,14,76.57,9,Two year,DSL,0
215,25,64,94.3,6,Month-to-month,Fiber optic,0
216,26,35,65.59,4,Two year,No,0
217,60,13,76.14,5,Month-to-month,Fiber optic,0
218,57,56,35.26,7,One year,Fiber optic,0
219,27,6,22.23,8,Two year,Fiber optic,0
220,45,34,39.34,6,One year,DSL,0
221,41,59,90.68,5,One year,DSL,0
222,27,65,126.69,10,One year,DSL,0
223,31,65,122.74,2,Month-to-month,DSL,1
224,39,42,118.39,5,Month-to-month,Fiber optic,1
225,28,13,108.96,0,Two year,No,0
226,54,34,31.47,9,Two year,No,0
227,41,18,120.39,1,Two year,Fiber optic,0
228,47,56,126.91,1,Month-to-month,No,1
229,46,46,72.78,10,Month-to-month,Fiber optic,1
230,70,6,125.91,3,One year,DSL,0
231,21,27,139.31,5,One year,Fiber optic,0
232,18,59,74.77,1,One year,Fiber optic,1
233,66,30,110.57,6,Month-to-month,No,1
234,20,66,44.6,5,One year,No,0
235,52,61,43.71,1,Month-to-month,DSL,1
236,32,1,130.51,0,One year,Fiber optic,0
237,35,59,139.52,10,Two year,Fiber optic,0
238,22,69,42.12,7,Two year,Fiber optic,0
239,42,57,50.53,7,Two year,Fiber optic,0
240,27,18,37.32,5,Month-to-month,DSL,1
241,27,12,144.67,6,Month-to-month,Fiber optic,1
242,20,63,128.08,1,Month-to-month,No,0
243,28,32,107.46,5,Month-to-month,No,0
244,52,54,35.57,7,One year,No,0
245,40,60,132.1,8,One year,No,0
246,39,64,130.24,5,One year,No,0
247,52,9,48.33,4,Month-to-month,DSL,1
248,22,56,37.78,7,One year,No,0
249,22,54,83.56,3,Month-to-month,No,1
250,75,21,50.58,10,Two year,Fiber optic,0
251,73,33,40.13,4,One year,Fiber optic,0
252,21,51,107.07,6,Month-to-month,No,0
253,23,4,72.45,6,Two year,DSL,0
254,19,50,86.81,7,Month-to-month,No,1
255,56,15,82.77,10,Two year,Fiber optic,0
256,51,59,79.2,0,Month-to-month,No,1
257,67,18,99.26,7,One year,DSL,0
258,37,63,55.3,7,One year,DSL,0
259,21,54,61.83,4,One year,DSL,0
260,69,31,64.88,8,Month-to-month,No,1
261,24,41,45.61,10,One year,DSL,0
262,35,9,45.04,5,One year,No,0
263,37,6,75.2,8,Two year,No,0
264,43,3,100.09,0,Month-to-month,Fiber optic,1
265,50,5,32.08,0,One year,Fiber optic,0
266,20,8,30.91,5,Two year,Fiber optic,0
267,54,69,28.79,6,One year,DSL,0
268,52,69,42.59,9,Month-to-month,No,1
269,67,17,146.95,6,Two year,DSL,0
270,38,40,32.05,9,One year,No,0
271,75,47,141.49,9,Two year,DSL,0
272,54,67,87.01,8,Two year,Fiber optic,1
273,65,64,111.07,10,Two year,DSL,0
274,40,29,69.83,8,Month-to-month,No,1
275,47,8,104.04,7,Two year,No,0
276,55,33,54.82,8,One year,No,0
277,67,62,82.59,6,Month-to-month,DSL,1
278,29,32,75.02,6,Two year,No,0
279,62,57,64.63,10,One year,Fiber optic,1
280,25,52,134.52,1,One year,No,0
281,30,45,41.83,0,One year,No,1
282,68,59,61.54,5,Two year,Fiber optic,0
283,18,42,55.49,4,One year,Fiber optic,0
284,43,46,80.43,9,Two year,No,0
285,34,51,135.63,0,One year,Fiber optic,1
286,53,58,87.78,6,One year,No,0
287,35,47,111.48,1,Month-to-month,Fiber optic,0
288,52,64,44.75,2,Two year,No,0
289,27,42,76.95,5,Month-to-month,DSL,0
290,20,57,45.74,4,Two year,No,0
291,23,24,101.95,6,One year,Fiber optic,0
292,29,47,119.28,4,Month-to-month,No,1
293,45,38,60.06,9,Month-to-month,Fiber optic,1
294,29,62,26.48,8,Two year,No,0
295,51,20,127.38,10,Two year,Fiber optic,0
296,74,4,71.07,7,Month-to-month,No,1
297,41,17,58.24,1,Month-to-month,No,0
298,28,35,137.33,5,Month-to-month,DSL,1
299,41,54,119.64,8,Two year,No,0
300,74,34,146.28,8,Month-to-month,No,1
301,32,71,130.07,7,Month-to-month,No,0
302,29,45,97.33,9,One year,Fiber optic,0
303,19,50,56.74,10,Two year,No,0
304,68,44,121.82,9,Two year,No,0
305,55,50,63.92,0,Month-to-month,No,0
306,38,42,133.72,5,One year,No,0
307,25,10,122.97,9,One year,No,0
308,59,71,130.82,9,Two year,No,0
309,29,24,87.42,6,Two year,No,0
310,34,14,79.82,2,One year,DSL,0
311,41,51,134.7,4,One year,No,0
312,18,56,104.13,9,Two year,DSL,0
313,38,58,146.31,6,Month-to-month,Fiber optic,1
314,45,69,66.67,9,Two year,No,0
315,73,71,110.42,4,Month-to-month,Fiber optic,0
316,21,10,107.34,3,Month-to-month,DSL,1
317,53,16,142.22,9,One year,Fiber optic,0
318,67,60,42.44,0,Month-to-month,DSL,1
319,19,52,87.84,8,Month-to-month,No,1
320,34,32,128.25,5,Month-to-month,No,1
321,47,53,22.46,1,Month-to-month,No,0
322,66,41,88.05,10,Two year,DSL,0
323,39,51,80.35,4,One year,No,0
324,23,18,53.83,0,Month-to-month,No,1
325,60,47,77.4,8,One year,No,0
326,54,10,128.54,6,Month-to-month,No,1
327,44,9,83.97,10,Two year,Fiber optic,0
328,28,65,89.61,2,One year,DSL,0
329,34,60,147.77,4,Month-to-month,Fiber optic,1
330,64,30,132.09,8,Month-to-month,No,0
331,32,64,100.86,6,Month-to-month,No,1
332,28,12,74.72,6,Month-to-month,DSL,1
333,47,30,139.06,8,Two year,Fiber optic,0
334,29,14,139.99,7,Month-to-month,DSL,0
335,52,35,114.87,1,Month-to-month,No,1
336,55,46,85.37,2,Two year,DSL,0
337,31,18,115.29,2,Two year,Fiber optic,0
338,43,54,81.25,10,Two year,Fiber optic,0
339,49,47,107.84,0,Month-to-month,No,1
340,20,72,100.96,3,One year,Fiber optic,0
341,45,3,35.36,5,Month-to-month,Fiber optic,1
342,21,35,141.18,0,Month-to-month,Fiber optic,1
343,30,26,121.95,3,Month-to-month,DSL,1
344,73,65,116.41,4,One year,DSL,0
345,26,2,34.21,6,One year,Fiber optic,0
346,54,71,28.68,3,Month-to-month,Fiber optic,0
347,51,46,94.32,5,Two year,No,0
348,45,57,44.4,2,Month-to-month,No,0
349,70,14,124.95,7,One year,No,0
350,22,1,74.04,10,One year,No,0
351,62,28,92.5,0,Two year,DSL,0
352,70,44,93.93,1,One year,Fiber optic,1
353,18,48,71.77,0,Month-to-month,No,1
354,71,22,76.35,10,One year,DSL,0
355,38,47,148.01,3,Month-to-month,Fiber optic,1
356,56,23,71.53,9,Two year,Fiber optic,0
357,34,50,146.55,10,One year,Fiber optic,0
358,24,15,51.52,10,Month-to-month,DSL,1
359,28,11,77.4,5,One year,No,0
360,54,61,78.5,2,Two year,Fiber optic,0
361,19,57,86.8,10,Two year,Fiber optic,0
362,36,19,55.25,8,Two year,No,1
363,56,1,41.35,10,Two year,DSL,0
364,71,10,33.35,3,Month-to-month,No,1
365,52,52,98.71,10,Month-to-month,Fiber optic,1
366,75,32,143.75,6,One year,DSL,0
367,39,35,43.04,2,Two year,Fiber optic,0
368,40,13,141.75,2,One year,Fiber optic,0
369,25,65,75.72,7,One year,Fiber optic,0
370,42,47,88.9,3,One year,DSL,0
371,19,31,116.03,1,One year,No,0
372,56,14,44.62,3,Month-to-month,No,0
373,70,54,28.66,2,Two year,Fiber optic,0
374,55,72,126.72,3,One year,Fiber optic,0
375,39,31,120.26,10,Month-to-month,Fiber optic,1
376,18,36,31.36,0,Two year,Fiber optic,0
377,62,10,89.64,5,One year,DSL,0
378,34,71,41.08,5,One year,No,0
379,47,9,145.27,2,One year,Fiber optic,0
380,60,30,83.74,2,Two year,No,0
381,18,20,40.6,4,Two year,No,0
382,54,34,22.99,8,Two year,Fiber optic,0
383,18,10,48.74,5,One year,DSL,0
384,58,25,27.28,0,Month-to-month,DSL,0
385,44,45,120.29,5,Two year,Fiber optic,0
386,25,18,104.9,6,One year,No,0
387,62,21,116.66,2,Month-to-month,Fiber optic,1
388,48,30,36.48,6,One year,DSL,1
389,51,24,60.21,1,Month-to-month,No,1
390,59,21,127.13,8,Month-to-month,Fiber optic,1
391,20,63,74.66,0,One year,DSL,0
392,59,66,131.48,5,One year,DSL,0
393,32,11,46.34,2,Two year,No,0
394,28,52,25.4,1,Two year,Fiber optic,0
395,35,12,54.22,8,Two year,No,0
396,69,26,40.9,2,Two year,No,0
397,66,64,82.6,10,Month-to-month,Fiber optic,0
398,59,1,37.61,3,One year,Fiber optic,0
399,28,11,88.67,6,One year,No,0
400,44,9,113.39,9,One year,DSL,0
401,43,22,71.72,8,Month-to-month,Fiber optic,1
402,32,53,86.03,0,Two year,DSL,0
403,50,27,62.76,5,One year,DSL,0
404,23,15,77.38,4,One year,Fiber optic,0
405,31,56,114.84,5,Month-to-month,DSL,1
406,41,69,146.25,8,One year,DSL,0
407,31,8,149.66,4,Two year,DSL,0
408,49,15,77.66,1,Two year,Fiber optic,0
409,28,18,25.5,2,Month-to-month,DSL,0
410,66,69,148.33,9,One year,DSL,0
411,60,56,101.93,4,One year,DSL,0
412,74,43,102.3,1,One year,No,0
413,32,55,100.35,9,Two year,No,0
414,29,45,60.26,6,Two year,DSL,0
415,73,19,29.62,0,Two year,Fiber optic,0
416,75,64,140.22,5,One year,No,0
417,64,3,125.97,5,One year,Fiber optic,0
418,49,25,113.64,10,Two year,DSL,0
419,36,29,138.04,1,Month-to-month,No,1
420,38,44,139.5,10,One year,DSL,0
421,73,5,142.19,6,Month-to-month,DSL,1
422,60,23,106.85,3,Month-to-month,DSL,0
423,71,6,81.89,0,Two year,Fiber optic,0
424,63,64,79.68,7,One year,Fiber optic,1
425,27,69,148.93,8,Month-to-month,No,0
426,36,4,21.21,10,One year,DSL,0
427,60,71,110.47,0,Month-to-month,DSL,0
428,27,5,77.64,4,One year,No,0
429,35,39,127.5,4,Month-to-month,DSL,1
430,57,53,53.61,4,Month-to-month,DSL,0
431,19,4,50.13,8,One year,DSL,0
432,60,6,117.96,8,Two year,No,1
433,20,35,93.86,8,Two year,No,0
434,66,39,142.3,2,Two year,DSL,0
435,26,42,67.21,8,Two year,DSL,0
436,46,64,127.89,6,Two year,DSL,0
437,21,9,99.81,4,One year,No,0
438,35,56,33.24,1,Month-to-month,No,1
439,34,40,118.77,8,One year,No,0
440,44,63,54.95,2,One year,No,0
441,61,54,112.58,9,One year,Fiber optic,0
442,44,68,108.19,3,One year,Fiber optic,0
443,56,64,22.48,6,Two year,DSL,0
444,32,25,139.98,10,One year,Fiber optic,0
445,74,40,41.83,7,Month-to-month,Fiber optic,1
446,71,16,33.48,3,One year,No,0
447,45,4,136.55,10,Month-to-month,DSL,1
448,40,22,40.65,2,Month-to-month,No,1
449,47,69,35.97,8,Month-to-month,Fiber optic,0
450,52,65,139.13,4,One year,No,0
451,60,13,51.59,7,One year,DSL,0
452,59,67,28.26,2,Two year,Fiber optic,0
453,59,44,132.82,1,One year,Fiber optic,1
454,27,71,133.33,4,Month-to-month,Fiber optic,1
455,32,42,142.5,1,Month-to-month,DSL,0
456,49,5,72.13,4,One year,DSL,0
457,46,53,99.01,10,Two year,No,0
458,45,25,98.2,3,Month-to-month,DSL,0
459,44,25,71.61,9,Two year,DSL,0
460,29,43,106.26,1,One year,Fiber optic,1
461,74,17,106.06,7,Month-to-month,DSL,0
462,57,7,91.85,1,One year,Fiber optic,0
463,43,50,26.58,8,Two year,DSL,1
464,20,15,92.88,9,Month-to-month,Fiber optic,1
465,28,62,70.11,1,Month-to-month,Fiber optic,1
466,27,67,37.93,8,Two year,No,0
467,50,32,82.35,0,One year,Fiber optic,0
468,31,43,30.73,7,One year,Fiber optic,0
469,44,37,117.05,8,One year,No,0
470,58,7,60.54,7,One year,No,0
471,30,15,113.98,1,Two year,No,0
472,26,12,136.7,9,Two year,No,0
473,74,1,41.51,8,One year,Fiber optic,0
474,29,72,125.05,5,Two year,DSL,0
475,27,9,70.53,1,One year,No,1
476,66,53,22.38,9,One year,Fiber optic,0
477,60,70,51.34,4,Month-to-month,DSL,1
478,45,53,112.36,8,Month-to-month,DSL,1
479,51,48,47.1,8,Two year,No,0
480,33,14,36.72,8,Two year,Fiber optic,0
481,26,27,97.31,5,Month-to-month,No,0
482,31,42,87.78,9,Month-to-month,Fiber optic,1
483,31,40,147.84,2,Two year,DSL,0
484,32,2,128.95,5,One year,DSL,0
485,72,58,85.34,3,Two year,Fiber optic,1
486,25,20,135.7,7,One year,DSL,0
487,65,18,112.54,6,Month-to-month,No,0
488,40,38,31.46,7,Two year,Fiber optic,0
489,28,68,34.11,4,Month-to-month,Fiber optic,0
490,55,16,90.96,1,Month-to-month,Fiber optic,0
491,19,40,138.56,10,One year,No,0
492,19,49,88.54,10,One year,Fiber optic,0
493,62,4,24.66,6,Month-to-month,DSL,0
494,75,69,78.32,10,Month-to-month,No,1
495,57,1,79.88,9,One year,No,0
496,39,35,67.41,4,Month-to-month,Fiber optic,1
497,29,12,46.3,10,Month-to-month,Fiber optic,0
498,38,47,21.51,4,Month-to-month,No,1
499,18,30,122.16,3,Month-to-month,No,0
500,75,30,145.81,3,One year,No,0
501,43,41,81.42,4,Month-to-month,DSL,1
502,74,14,131.63,8,Two year,Fiber optic,1
503,40,16,79.21,3,One year,No,0
504,19,8,45.98,7,One year,No,0
505,41,15,74.25,6,Two year,No,0
506,18,38,53.4,9,Two year,No,0
507,37,34,41.55,10,One year,No,0
508,45,40,73.35,7,Two year,DSL,0
509,40,33,127.8,4,One year,No,0
510,49,61,25.4,4,Month-to-month,Fiber optic,0
511,75,67,31.88,5,Two year,No,0
512,52,47,74.62,8,Two year,No,0
513,32,47,117.31,4,One year,DSL,0
514,48,58,87.27,7,One year,Fiber optic,0
515,71,33,31.14,3,Month-to-month,Fiber optic,1
516,59,37,82.65,8,Month-to-month,No,1
517,39,36,68.48,1,Two year,DSL,0
518,37,11,54.87,2,One year,No,0
519,44,48,49.37,5,One year,DSL,0
520,33,52,120.04,6,One year,DSL,0
521,38,11,114.28,3,Two year,No,0
522,23,37,59.57,9,One year,DSL,0
523,66,59,49.37,3,Month-to-month,No,1
524,63,40,141.07,9,Two year,No,0
525,24,61,111.62,2,Month-to-month,Fiber optic,1
526,33,58,72.56,7,Month-to-month,DSL,1
527,71,46,91.16,6,One year,No,0
528,38,18,148.63,7,Two year,DSL,0
529,29,13,26.11,5,Two year,Fiber optic,0
530,20,40,100.16,5,Two year,No,0
531,74,38,82.15,9,Two year,DSL,0
532,68,68,145.05,0,One year,Fiber optic,0
533,39,8,127.49,1,Month-to-month,Fiber optic,1
534,20,68,37.88,6,Two year,No,0
535,53,70,54.77,9,Month-to-month,No,1
536,18,20,48.76,10,One year,No,0
537,73,53,136.92,5,One year,DSL,0
538,40,65,48.38,8,One year,No,0
539,67,25,35.87,1,One year,DSL,0
540,58,68,62.97,7,Month-to-month,DSL,0
541,53,63,44.14,2,Month-to-month,No,0
542,21,51,37.94,1,Month-to-month,No,0
543,31,16,77.22,2,Two year,Fiber optic,0
544,52,35,145.32,3,One year,No,0
545,25,5,138.22,9,Month-to-month,DSL,0
546,37,8,74.73,9,One year,Fiber optic,0
547,61,6,78.04,9,Month-to-month,No,1
548,35,67,104.31,5,One year,No,0
549,42,42,139.1,7,Month-to-month,No,1
550,67,12,88.13,6,Month-to-month,Fiber optic,1
551,42,2,20.21,6,Month-to-month,No,1
552,33,27,22.83,1,Two year,No,0
553,44,50,58.33,7,Month-to-month,Fiber optic,1
554,28,8,33.69,6,Two year,Fiber optic,0
555,54,66,81.37,6,One year,Fiber optic,0
556,54,18,137.99,9,One year,Fiber optic,0
557,26,62,114.54,7,One year,DSL,0
558,45,4,128.63,5,One year,Fiber optic,0
559,37,33,117.06,5,One year,Fiber optic,1
560,45,40,29.6,3,One year,No,0
561,28,63,136.08,9,Month-to-month,Fiber optic,1
562,20,23,121.13,1,Two year,DSL,0
563,58,39,83.77,0,Month-to-month,No,1
564,66,42,101.43,10,Month-to-month,Fiber optic,1
565,48,15,66.49,1,Two year,No,0
566,35,56,110.0,3,Two year,Fiber optic,0
567,51,13,121.59,10,One year,DSL,0
568,31,45,87.8,8,Month-to-month,Fiber optic,1
569,41,53,82.98,7,Month-to-month,No,0
570,21,66,53.53,7,Two year,Fiber optic,0
571,32,41,105.66,3,Month-to-month,Fiber optic,1
572,38,21,102.52,10,Month-to-month,No,0
573,54,14,99.61,4,One year,DSL,0
574,66,11,34.62,10,One year,Fiber optic,0
575,75,69,130.21,4,One year,Fiber optic,0
576,57,45,57.19,6,Two year,DSL,0
577,50,17,101.36,5,One year,Fiber optic,0
578,61,37,29.8,6,Two year,No,0
579,30,5,38.5,5,Two year,DSL,1
580,39,54,51.89,2,Two year,Fiber optic,0
581,39,25,85.71,0,Month-to-month,Fiber optic,1
582,36,55,70.25,10,Month-to-month,Fiber optic,0
583,61,50,118.54,1,Two year,Fiber optic,0
584,41,45,70.41,1,One year,No,0
585,28,28,25.48,4,Two year,No,0
586,31,62,123.41,7,Month-to-month,No,1
587,60,53,50.62,4,Two year,No,0
588,35,38,132.92,4,One year,Fiber optic,1
589,52,46,88.99,7,Month-to-month,No,0
590,37,37,96.17,9,One year,No,0
591,57,72,55.31,1,Two year,Fiber optic,0
592,72,35,88.06,7,Month-to-month,DSL,0
593,24,68,121.49,0,Month-to-month,Fiber optic,1
594,50,13,67.01,6,Two year,DSL,0
595,25,65,66.89,3,Month-to-month,DSL,0
596,20,26,127.78,10,Two year,No,0
597,72,38,75.85,7,One year,DSL,0
598,75,40,85.62,3,Two year,No,0
599,36,45,96.15,4,Two year,No,0
600,47,64,44.78,1,Month-to-month,Fiber optic,0
601,29,1,44.37,7,One year,Fiber optic,0
602,46,34,52.41,6,One year,No,0
603,31,24,50.21,3,Two year,Fiber optic,0
604,69,5,91.37,9,One year,No,0
605,35,48,140.14,3,Month-to-month,No,1
606,58,56,23.05,7,Month-to-month,No,1
607,63,17,73.91,8,One year,DSL,0
608,39,11,94.41,5,Month-to-month,No,0
609,19,49,126.12,6,Two year,DSL,0
610,27,46,109.75,0,Month-to-month,No,1
611,35,55,53.96,3,Month-to-month,DSL,1
612,52,46,59.68,7,Two year,No,0
613,56,13,22.95,10,Month-to-month,No,1
614,49,68,65.13,9,Month-to-month,DSL,1
615,67,55,34.69,6,Two year,Fiber optic,1
616,61,29,135.04,2,One year,DSL,0
617,74,70,47.65,1,Month-to-month,DSL,0
618,43,55,141.56,0,Month-to-month,No,0
619,56,54,30.0,0,One year,DSL,0
620,57,65,108.95,4,Month-to-month,DSL,0
621,25,47,30.84,2,One year,No,0
622,63,63,116.92,2,One year,DSL,0
623,22,37,85.85,0,Two year,DSL,0
624,50,61,21.12,5,Month-to-month,Fiber optic,1
625,21,13,43.06,1,Two year,DSL,0
626,32,33,141.84,4,Month-to-month,Fiber optic,1
627,69,14,123.71,1,One year,No,0
628,66,4,66.31,2,Two year,No,0
629,39,65,139.08,10,Two year,No,0
630,33,23,65.63,9,Month-to-month,Fiber optic,1
631,53,66,68.15,4,Month-to-month,DSL,1
632,39,57,134.97,0,Month-to-month,Fiber optic,1
633,25,20,131.55,4,Month-to-month,DSL,1
634,19,9,145.84,6,One year,No,0
635,54,53,104.06,9,Two year,DSL,1
636,72,57,148.81,10,Month-to-month,Fiber optic,1
637,63,52,131.89,3,Month-to-month,Fiber optic,1
638,24,25,116.18,1,Month-to-month,DSL,1
639,57,46,72.93,7,One year,Fiber optic,0
640,32,43,45.58,9,Month-to-month,No,0
641,50,50,90.87,2,One year,DSL,0
642,48,28,55.41,9,One year,DSL,1
643,34,6,89.5,0,One year,No,0
644,51,64,137.52,10,One year,No,0
645,22,52,61.11,7,One year,DSL,0
646,41,57,80.58,1,Two year,No,0
647,21,43,51.89,0,Month-to-month,Fiber optic,0
648,49,70,112.77,0,Two year,No,0
649,46,2,109.92,5,Two year,No,0
650,22,63,55.21,7,One year,Fiber optic,0
651,62,64,76.6,8,Month-to-month,Fiber optic,0
652,50,22,39.68,3,One year,No,0
653,24,4,93.27,4,One year,Fiber optic,0
654,43,18,87.41,6,One year,Fiber optic,0
655,72,37,79.03,3,One year,DSL,0
656,36,39,47.89,8,Two year,No,0
657,70,42,90.27,3,One year,No,0
658,46,25,60.54,2,One year,Fiber optic,0
659,27,24,78.33,6,One year,No,0
660,67,72,141.86,9,One year,Fiber optic,0
661,36,43,67.1,5,Two year,DSL,0
662,53,45,63.23,4,Month-to-month,Fiber optic,1
663,43,43,115.33,10,One year,DSL,0
664,63,13,34.54,5,Month-to-month,DSL,0
665,36,69,123.59,5,Month-to-month,DSL,1
666,36,38,67.13,3,One year,No,0
667,34,48,23.54,7,Two year,DSL,0
668,40,20,108.74,8,Two year,Fiber optic,0
669,57,7,38.69,6,Two year,DSL,0
670,23,64,65.54,9,Month-to-month,No,1
671,57,13,44.01,1,One year,Fiber optic,0
672,48,37,140.1,9,One year,DSL,0
673,18,44,41.31,2,Two year,Fiber optic,1
674,27,7,123.6,2,One year,No,0
675,68,24,25.92,5,One year,DSL,0
676,62,26,147.05,10,Two year,No,0
677,37,35,23.28,10,One year,DSL,0
678,32,16,56.22,5,One year,DSL,0
679,24,52,121.43,8,Two year,Fiber optic,0
680,56,52,114.92,3,Month-to-month,Fiber optic,1
681,57,37,42.46,3,One year,No,0
682,18,11,72.61,4,Month-to-month,Fiber optic,1
683,43,62,118.33,9,Month-to-month,No,0
684,51,71,107.31,2,Month-to-month,DSL,0
685,29,20,40.37,4,Month-to-month,No,1
686,66,34,89.56,0,Two year,Fiber optic,0
687,40,15,112.68,7,One year,DSL,1
688,63,34,87.51,2,Two year,No,0
689,26,35,122.57,1,Two year,Fiber optic,0
690,30,43,128.05,8,Two year,DSL,0
691,53,41,104.39,3,One year,DSL,0
692,24,31,24.96,3,One year,DSL,0
693,29,9,67.67,10,Month-to-month,DSL,1
694,41,27,20.37,3,One year,Fiber optic,0
695,40,61,82.86,8,One year,Fiber optic,0
696,36,36,43.69,2,Two year,No,0
697,25,60,58.63,7,One year,No,0
698,64,50,55.27,8,Month-to-month,DSL,0
699,67,22,116.49,10,Month-to-month,DSL,0
700,51,3,80.42,0,Two year,DSL,0
701,65,40,95.41,10,Month-to-month,No,0
702,58,48,63.11,9,One year,No,0
703,42,18,118.73,4,One year,Fiber optic,0
704,29,13,94.86,0,Two year,DSL,0
705,72,23,107.89,6,One year,DSL,0
706,34,67,118.34,0,One year,No,0
707,53,61,39.36,6,Month-to-month,No,0
708,37,33,23.86,8,One year,Fiber optic,0
709,26,65,92.33,2,Two year,No,0
710,71,29,68.68,7,One year,DSL,0
711,50,53,48.95,3,Month-to-month,No,0
712,56,59,88.06,8,Month-to-month,No,1
713,66,53,67.18,10,Two year,DSL,0
714,31,9,45.89,3,One year,No,0
715,19,49,101.84,3,Two year,No,0
716,29,53,128.2,7,Month-to-month,Fiber optic,0
717,42,60,141.48,8,Two year,No,0
718,30,56,49.09,10,Month-to-month,Fiber optic,0
719,25,5,42.93,2,Month-to-month,No,1
720,66,61,96.4,8,Two year,Fiber optic,0
721,26,72,38.73,3,Two year,Fiber optic,0
722,36,6,31.51,6,Month-to-month,Fiber optic,1
723,50,50,119.13,5,One year,DSL,0
724,74,30,117.43,8,Two year,Fiber optic,0
725,51,23,133.68,3,One year,No,0
726,69,61,62.68,0,One year,No,0
727,74,13,45.34,2,Two year,Fiber optic,0
728,36,4,100.75,7,One year,DSL,0
729,41,11,33.83,0,Month-to-month,Fiber optic,1
730,51,25,95.68,8,Two year,DSL,0
731,72,39,62.94,0,Two year,DSL,0
732,29,63,135.98,0,One year,DSL,0
733,53,21,34.19,10,One year,DSL,0
734,34,23,87.11,4,Two year,DSL,1
735,69,1,52.71,4,Two year,No,0
736,53,58,86.32,0,One year,No,0
737,22,36,147.8,8,Month-to-month,No,0
738,47,37,59.47,2,Month-to-month,DSL,1
739,52,53,144.63,2,Month-to-month,Fiber optic,1
740,62,1,148.3,8,Two year,Fiber optic,1
741,63,5,67.5,8,Month-to-month,Fiber optic,1
742,47,45,109.09,1,Month-to-month,DSL,1
743,38,8,137.34,5,Month-to-month,DSL,1
744,22,68,63.19,6,One year,DSL,0
745,20,67,106.32,8,One year,DSL,0
746,74,69,116.77,9,One year,Fiber optic,0
747,20,15,39.84,0,One year,DSL,0
748,35,35,49.34,4,Month-to-month,Fiber optic,0
749,63,11,114.39,6,Two year,No,0
750,43,22,37.02,2,One year,No,0
751,59,9,116.06,7,Two year,DSL,0
752,71,66,56.45,0,Month-to-month,Fiber optic,0
753,47,33,72.22,5,Month-to-month,Fiber optic,1
754,38,5,141.09,7,Month-to-month,No,1
755,33,45,33.38,6,One year,No,0
756,31,7,38.08,1,Month-to-month,Fiber optic,1
757,71,56,42.51,7,Two year,No,0
758,50,42,51.24,6,Two year,DSL,0
759,35,56,26.29,3,One year,No,0
760,26,15,70.48,4,Two year,Fiber optic,0
761,26,40,53.5,4,One year,No,0
762,64,3,117.08,6,One year,Fiber optic,0
763,28,20,65.36,8,Two year,DSL,0
764,34,47,59.79,9,Month-to-month,DSL,1
765,52,36,125.47,1,One year,DSL,0
766,23,70,43.53,9,One year,DSL,0
767,60,66,65.39,4,Two year,DSL,0
768,22,38,37.79,10,One year,No,0
769,50,44,147.35,10,Two year,No,0
770,43,50,67.78,3,Month-to-month,No,1
771,28,52,87.72,8,One year,No,0
772,62,62,78.47,7,One year,Fiber optic,0
773,29,49,53.82,5,Two year,No,0
774,33,10,89.87,10,Month-to-month,No,0
775,26,53,104.71,3,Two year,DSL,0
776,23,17,108.41,5,One year,No,0
777,61,16,101.93,0,Two year,No,0
778,60,11,30.7,9,Two year,DSL,0
779,75,69,122.27,7,Month-to-month,DSL,0
780,62,12,66.28,1,Two year,Fiber optic,0
781,59,65,39.39,3,Two year,Fiber optic,0
782,36,35,40.07,3,One year,No,0
783,33,72,60.29,6,Month-to-month,No,1
784,66,25,102.77,5,Month-to-month,Fiber optic,1
785,52,20,89.67,7,Month-to-month,DSL,1
786,34,57,102.91,9,Two year,DSL,0
787,49,3,45.71,8,Month-to-month,Fiber optic,1
788,42,19,146.54,2,Month-to-month,DSL,0
789,70,7,52.2,8,Two year,Fiber optic,1
790,57,25,60.19,1,Two year,Fiber optic,0
791,67,21,122.88,1,Two year,No,0
792,44,60,82.17,5,Month-to-month,No,0
793,41,71,89.12,6,One year,Fiber optic,0
794,62,65,122.54,2,Month-to-month,Fiber optic,1
795,24,36,112.52,6,Two year,DSL,0
796,67,54,108.77,4,Two year,DSL,0
797,25,16,89.44,10,Two year,Fiber optic,0
798,23,68,110.35,5,One year,No,0
799,68,68,140.44,10,One year,Fiber optic,0
800,59,63,108.3,6,Two year,DSL,0
801,20,53,60.57,5,Two year,No,0
802,58,51,60.54,9,One year,DSL,0
803,71,55,75.38,9,Month-to-month,No,0
804,40,67,79.51,7,Two year,DSL,0
805,50,68,138.02,5,One year,No,0
806,66,28,50.05,2,Two year,Fiber optic,0
807,43,65,128.38,7,Month-to-month,Fiber optic,1
808,57,6,93.26,2,Two year,No,0
809,29,8,52.31,9,Month-to-month,Fiber optic,0
810,28,65,109.04,2,Month-to-month,Fiber optic,0
811,49,17,82.38,9,Month-to-month,No,1
812,36,16,69.81,1,Two year,No,0
813,47,52,106.64,8,One year,No,0
814,62,3,138.34,1,One year,DSL,1
815,68,19,89.23,0,One year,No,0
816,60,21,38.67,5,Month-to-month,Fiber optic,0
817,75,53,85.99,9,Two year,Fiber optic,0
818,18,50,55.55,8,Month-to-month,No,1
819,58,29,99.92,6,Month-to-month,No,1
820,75,12,29.24,10,One year,Fiber optic,0
821,66,63,48.68,0,Month-to-month,Fiber optic,0
822,38,29,126.48,9,Month-to-month,No,1
823,74,67,37.27,9,Month-to-month,No,0
824,28,14,77.85,0,Month-to-month,Fiber optic,0
825,52,41,73.71,3,One year,No,0
826,71,14,111.17,4,Two year,No,0
827,48,38,37.23,0,Month-to-month,Fiber optic,0
828,52,27,125.49,7,Two year,Fiber optic,1
829,40,51,52.57,4,One year,No,0
830,27,39,86.32,3,Month-to-month,No,0
831,62,70,119.42,2,Two year,Fiber optic,1
832,53,70,97.31,0,One year,Fiber optic,0
833,34,12,34.32,10,Month-to-month,Fiber optic,0
834,58,27,44.23,2,Two year,DSL,0
835,63,21,132.02,3,Two year,No,0
836,53,16,90.67,4,Two year,Fiber optic,1
837,33,22,89.7,10,One year,Fiber optic,0
838,35,49,144.86,8,Two year,Fiber optic,0
839,63,47,113.73,1,Month-to-month,No,1
840,74,60,100.0,5,Two year,Fiber optic,0
841,68,61,21.9,7,Month-to-month,Fiber optic,0
842,60,45,145.37,8,Two year,No,0
843,31,54,78.02,3,Two year,No,0
844,72,11,50.85,10,Month-to-month,Fiber optic,1
845,39,25,92.73,10,Month-to-month,DSL,0
846,43,23,125.56,10,One year,No,1
847,67,71,111.32,8,Two year,Fiber optic,0
848,21,16,35.03,4,One year,DSL,0
849,28,9,68.42,2,One year,DSL,1
850,50,50,28.59,4,Two year,Fiber optic,0
851,56,9,85.4,8,One year,No,0
852,75,54,141.79,10,Two year,No,0
853,68,25,147.42,8,One year,DSL,1
854,45,23,67.03,6,One year,No,0
855,38,69,127.63,3,Month-to-month,DSL,0
856,62,69,147.14,4,Two year,No,0
857,55,44,113.87,10,One year,No,0
858,38,49,116.79,6,One year,DSL,0
859,26,49,78.85,6,Two year,Fiber optic,0
860,30,34,115.48,9,Month-to-month,No,1
861,26,33,58.06,2,One year,No,0
862,32,23,54.11,9,Month-to-month,DSL,1
863,51,59,130.65,2,One year,DSL,0
864,64,50,54.1,3,One year,Fiber optic,0
865,39,38,29.82,10,One year,DSL,0
866,19,47,42.66,0,Month-to-month,No,1
867,73,69,85.45,0,Month-to-month,Fiber optic,1
868,71,61,87.33,7,One year,DSL,0
869,21,36,28.03,3,Month-to-month,No,1
870,52,52,33.41,10,One year,Fiber optic,0
871,56,63,137.81,3,One year,DSL,0
872,38,66,145.17,0,One year,Fiber optic,0
873,69,44,125.33,1,Month-to-month,Fiber optic,1
874,39,14,41.07,4,Two year,No,0
875,52,34,83.39,3,Two year,DSL,0
876,45,19,118.65,3,One year,DSL,0
877,74,15,123.06,2,One year,No,0
878,41,21,61.13,0,Two year,No,0
879,45,8,55.18,6,One year,No,1
880,23,72,133.24,9,Month-to-month,Fiber optic,1
881,72,64,67.54,0,Two year,No,0
882,20,2,110.74,4,Two year,Fiber optic,0
883,35,17,54.54,8,Two year,Fiber optic,0
884,38,40,126.15,0,Month-to-month,DSL,0
885,21,2,134.04,5,Month-to-month,Fiber optic,1
886,39,70,83.87,4,One year,Fiber optic,0
887,45,54,69.51,5,Two year,Fiber optic,0
888,28,55,51.83,3,Month-to-month,Fiber optic,1
889,18,27,56.69,6,One year,DSL,0
890,21,39,133.1,5,Month-to-month,No,0
891,42,35,20.15,0,Month-to-month,DSL,0
892,26,20,54.19,4,One year,Fiber optic,0
893,26,55,98.73,5,Two year,DSL,0
894,44,65,81.82,5,Month-to-month,Fiber optic,1
895,50,24,56.12,8,Month-to-month,No,0
896,42,35,33.15,5,Two year,DSL,0
897,37,32,91.37,5,Two year,DSL,0
898,26,71,27.04,4,One year,No,0
899,24,67,49.37,2,Month-to-month,No,0
900,21,70,119.27,5,Month-to-month,No,1
901,70,55,79.89,0,Two year,Fiber optic,0
902,73,25,29.96,2,Two year,DSL,0
903,70,68,132.24,5,Two year,Fiber optic,0
904,25,24,20.15,0,One year,DSL,0
905,21,32,123.86,1,Month-to-month,DSL,0
906,65,71,74.63,0,Month-to-month,Fiber optic,1
907,25,68,31.7,0,Month-to-month,Fiber optic,0
908,53,15,124.91,10,Month-to-month,DSL,1
909,43,17,120.31,3,One year,Fiber optic,0
910,40,29,37.62,2,One year,Fiber optic,0
911,42,49,143.29,0,One year,DSL,0
912,47,2,89.11,1,One year,No,0
913,72,55,137.43,9,Two year,Fiber optic,0
914,20,59,147.45,8,Month-to-month,Fiber optic,0
915,72,2,58.03,1,Month-to-month,Fiber optic,1
916,45,43,39.35,9,Month-to-month,Fiber optic,1
917,19,49,29.28,5,One year,DSL,0
918,33,59,74.06,6,One year,Fiber optic,0
919,51,36,52.0,6,One year,No,0
920,73,44,49.86,0,Month-to-month,No,0
921,69,34,108.31,9,Two year,DSL,0
922,38,60,90.12,4,One year,Fiber optic,0
923,33,56,134.26,8,Two year,No,0
924,33,70,119.79,7,Month-to-month,No,1
925,27,4,128.86,8,Two year,No,0
926,28,41,38.7,6,One year,DSL,0
927,49,64,84.19,2,One year,DSL,0
928,21,35,94.33,4,Month-to-month,DSL,1
929,50,32,122.19,2,Month-to-month,No,1
930,24,42,137.61,0,Two year,Fiber optic,0
931,23,43,109.96,9,One year,DSL,1
932,50,10,96.91,6,Two year,No,0
933,46,58,101.4,4,Month-to-month,No,0
934,36,19,123.14,6,One year,Fiber optic,0
935,61,66,148.09,9,Month-to-month,DSL,0
936,73,41,140.22,1,One year,Fiber optic,0
937,38,4,122.4,7,Month-to-month,Fiber optic,1
938,73,4,122.79,1,Two year,Fiber optic,0
939,46,33,118.21,8,Month-to-month,Fiber optic,1
940,41,41,66.95,8,Two year,Fiber optic,0
941,25,34,119.9,6,One year,DSL,0
942,57,63,89.93,4,Two year,DSL,0
943,65,25,92.89,5,Month-to-month,Fiber optic,1
944,35,20,91.13,1,One year,Fiber optic,0
945,53,63,90.77,4,Two year,No,0
946,38,32,118.26,3,One year,Fiber optic,0
947,64,3,105.28,2,One year,Fiber optic,1
948,68,47,66.48,0,Two year,No,0
949,40,54,41.41,10,Month-to-month,DSL,0
950,29,2,144.08,6,Month-to-month,No,1
951,53,41,121.35,10,Month-to-month,Fiber optic,1
952,38,5,22.22,1,Two year,DSL,0
953,56,13,89.06,9,Two year,No,0
954,74,3,74.83,5,Two year,DSL,1
955,62,43,41.94,10,One year,Fiber optic,0
956,20,30,90.46,3,One year,No,0
957,32,60,143.52,5,Two year,DSL,0
958,59,13,82.11,2,Two year,DSL,0
959,59,40,60.26,7,Month-to-month,Fiber optic,1
960,50,64,65.44,9,One year,DSL,0
961,41,52,52.42,6,Two year,Fiber optic,0
962,50,20,145.0,10,One year,No,0
963,21,56,87.38,6,One year,Fiber optic,0
964,27,50,130.07,10,Two year,Fiber optic,0
965,23,10,73.72,0,Two year,No,0
966,21,34,78.26,7,Month-to-month,Fiber optic,0
967,47,9,84.75,3,Two year,DSL,0
968,36,44,50.69,10,One year,Fiber optic,0
969,74,31,149.25,3,One year,DSL,0
970,49,42,64.32,5,Month-to-month,Fiber optic,0
971,46,49,113.79,1,One year,DSL,0
972,49,57,87.35,10,Two year,Fiber optic,0
973,67,43,32.4,9,Month-to-month,Fiber optic,0
974,34,23,109.61,3,Month-to-month,DSL,1
975,47,47,113.94,5,One year,DSL,0
976,43,56,60.99,2,One year,No,0
977,24,45,130.8,3,One year,DSL,0
978,44,10,37.53,8,One year,DSL,0
979,63,8,105.4,8,Month-to-month,DSL,0
980,51,5,85.51,8,Two year,No,0
981,45,57,114.05,10,Month-to-month,DSL,1
982,48,66,42.67,7,Two year,No,0
983,34,22,77.92,2,Two year,No,0
984,74,21,39.7,0,Two year,Fiber optic,0
985,34,23,149.69,3,Two year,Fiber optic,0
986,64,42,28.04,6,Month-to-month,No,0
987,50,68,32.97,4,Month-to-month,Fiber optic,1
988,55,50,126.08,5,Month-to-month,DSL,1
989,18,46,104.62,7,Two year,No,0
990,27,4,44.82,5,One year,Fiber optic,0
991,30,9,137.9,6,Month-to-month,No,1
992,36,31,117.81,9,One year,DSL,0
993,53,65,71.77,5,Month-to-month,DSL,1
994,47,13,53.77,3,Month-to-month,Fiber optic,1
995,52,26,95.39,6,One year,DSL,0
996,18,56,124.55,2,Month-to-month,Fiber optic,1
997,62,64,94.26,2,Two year,No,0
998,54,4,107.82,8,Month-to-month,Fiber optic,1
999,25,68,108.24,1,Month-to-month,No,1
1000,55,57,30.75,1,Month-to-month,No,1
